{"turret_turn_speed":2.039766296805773,"kickback":0,"turretTurnAcceleration":3.3178709080412205,"impact_force":0}