{
    "turret_turn_speed": 2.0402898955813713,
    "kickback": 0,
    "turretTurnAcceleration": 3.3178709080412205,
    "impact_force": 0
}