{"turret_turn_speed":0.31695179216217023,"kickback":2.2895,"turretTurnAcceleration":1.5915657448936291,"impact_force":1.9974}