{"turret_turn_speed":1.9922933411515273,"kickback":0.838,"turretTurnAcceleration":2.2753857458250075,"impact_force":1.2136}