{
    "turret_turn_speed": 1.2217304763960306,
    "kickback": 2.4253,
    "turretTurnAcceleration": 1.3962634015954636,
    "impact_force": 4.7972
}