{"turret_turn_speed":1.5639895427121187,"kickback":0.3503,"turretTurnAcceleration":2.839476160069575,"impact_force":0.9783}