{
    "turret_turn_speed": 1.3089969389957472,
    "kickback": 2.2895,
    "turretTurnAcceleration": 1.5917402778188288,
    "impact_force": 1.9974
}