{"maxSpeed":8,"maxTurnSpeed":1.3229596262749237,"acceleration":9.65,"reverseAcceleration":11.74,"sideAcceleration":9.71,"turnAcceleration":2.2462386940534804,"reverseTurnAcceleration":3.6576866412362485,"mass":1965,"power":9.65,"dampingCoeff":1500}