{
    "turret_turn_speed": 1.5079644737231006,
    "kickback": 0.46,
    "turretTurnAcceleration": 1.984613892442752,
    "impact_force": 0.66
}