{
    "turret_turn_speed": 1.9230037698473523,
    "kickback": 1.7299,
    "turretTurnAcceleration": 1.7488199104983182,
    "impact_force": 1.9371
}