{"turret_turn_speed":0.9815731713216109,"kickback":2.138,"turretTurnAcceleration":1.214225560612455,"impact_force":3.6958}