{"turret_turn_speed":1.7908823454713816,"kickback":2.0712,"turretTurnAcceleration":3.0267499888085663,"impact_force":2.6935}