{"turret_turn_speed":1.5194836467862634,"kickback":1.7378,"turretTurnAcceleration":2.674193479905712,"impact_force":2.2217}