{"turret_turn_speed":1.9598302170644328,"kickback":2.542,"turretTurnAcceleration":2.5764550417940293,"impact_force":2.656}