{
    "turret_turn_speed": 1.9600047499896318,
    "kickback": 2.0941,
    "turretTurnAcceleration": 2.5761059759436304,
    "impact_force": 2.656
}