{
    "turret_turn_speed": 1.8133970928221086,
    "kickback": 0.3979,
    "turretTurnAcceleration": 3.160791275361731,
    "impact_force": 1.1761
}