{"maxSpeed":10,"maxTurnSpeed":1.584759014074073,"acceleration":10.41,"reverseAcceleration":17.77,"sideAcceleration":9.22,"turnAcceleration":2.864608986519448,"reverseTurnAcceleration":4.216192001874434,"mass":1616,"power":10.41,"dampingCoeff":1250}