{
    "turret_turn_speed": 1.699950691442477,
    "kickback": 3,
    "turretTurnAcceleration": 1.759291886010284,
    "impact_force": 7
}