{
    "turret_turn_speed": 0.9808750396208132,
    "kickback": 2.138,
    "turretTurnAcceleration": 1.2147491593880533,
    "impact_force": 3.6957999999999998
}