{"maxSpeed":10.7,"maxTurnSpeed":1.836086319834813,"acceleration":11.73,"reverseAcceleration":19.7,"sideAcceleration":10.98,"turnAcceleration":2.902482599329792,"reverseTurnAcceleration":4.720592049174352,"mass":1905,"power":11.73,"dampingCoeff":1250}