{"turret_turn_speed":1.5940092058464215,"kickback":1.5581,"turretTurnAcceleration":1.3535028349216025,"impact_force":1.6425}