{
    "turret_turn_speed": 3.550174231481666,
    "kickback": 0,
    "turretTurnAcceleration": 4.5434411087916377,
    "impact_force": 0
}