{
    "turret_turn_speed": 3.420845333908886,
    "kickback": 0,
    "turretTurnAcceleration": 4.43837228782158,
    "impact_force": 0
}