{"turret_turn_speed":1.6516050711622339,"kickback":2.1809,"turretTurnAcceleration":2.263517506911446,"impact_force":2.1745}