{
    "turret_turn_speed": 2.0647245051092917,
    "kickback": 0.4456,
    "turretTurnAcceleration": 3.481931857728687,
    "impact_force": 1.3739
}