{
    "turret_turn_speed": 2.0642009063336935,
    "kickback": 0.4456,
    "turretTurnAcceleration": 3.482629989429485,
    "impact_force": 1.3739
}