{"turret_turn_speed":2.4000022544174024,"kickback":2.9,"turretTurnAcceleration":3.200061183531603,"impact_force":0.42}