{
    "turret_turn_speed": 2.1066124071571557,
    "kickback": 2.6075,
    "turretTurnAcceleration": 2.907718533822553,
    "impact_force": 7.4886
}