{"turret_turn_speed":2.107485071783153,"kickback":2.6075,"turretTurnAcceleration":2.9075440008973534,"impact_force":0.3566}