{"maxSpeed":7,"maxTurnSpeed":1.5533430342749532,"acceleration":10.9,"reverseAcceleration":13.53,"sideAcceleration":10.53,"turnAcceleration":1.910786523672936,"reverseTurnAcceleration":3.8030723335692005,"mass":2410,"power":10.9,"dampingCoeff":2500}