{"maxSpeed":7.7,"maxTurnSpeed":2.054252476334104,"acceleration":13.77,"reverseAcceleration":17.36,"sideAcceleration":14.36,"turnAcceleration":2.149373000462628,"reverseTurnAcceleration":4.80611307599563,"mass":3033,"power":13.77,"dampingCoeff":2500}