{"maxSpeed":11.5,"maxTurnSpeed":1.9495327212144442,"acceleration":10.55,"reverseAcceleration":14.45,"sideAcceleration":19.41,"turnAcceleration":3.1344367397407504,"reverseTurnAcceleration":5.477715963910647,"mass":1638,"power":10.55,"dampingCoeff":900}