{
    "turret_turn_speed": 3.0944687637859465,
    "kickback": 0,
    "turretTurnAcceleration": 4.180063558526419,
    "impact_force": 0
}