{
    "turret_turn_speed": 1.8151424220741028,
    "kickback": 2.3149,
    "turretTurnAcceleration": 2.6145032194875055,
    "impact_force": 6.1572000000000005
}