{
    "maxSpeed": 10.8,
    "maxTurnSpeed": 1.6388641942542863,
    "acceleration": 9.4,
    "reverseAcceleration": 13.26,
    "sideAcceleration": 17.27,
    "turnAcceleration": 2.96810688333098,
    "reverseTurnAcceleration": 5.0204394868352455,
    "mass": 1376,
    "power": 9.4,
    "dampingCoeff": 900
}