{"turret_turn_speed":1.8622663118779497,"kickback":0,"turretTurnAcceleration":3.2210051345555355,"impact_force":0}