{"turret_turn_speed":2.2519983338482836,"kickback":1.918,"turretTurnAcceleration":2.144311519000233,"impact_force":2.2317}