{
    "turret_turn_speed": 2.251474735072685,
    "kickback": 1.9180000000000001,
    "turretTurnAcceleration": 2.1450096507010312,
    "impact_force": 2.2317
}