{"turret_turn_speed":1.5079644737231008,"kickback":0.4608,"turretTurnAcceleration":1.984613892442752,"impact_force":0.6628}