{"turret_turn_speed":2.639461427791024,"kickback":0,"turretTurnAcceleration":3.8172096070367982,"impact_force":0}