{"turret_turn_speed":1.3692107981895516,"kickback":2.7127,"turretTurnAcceleration":1.5781267096532727,"impact_force":5.8986}