{"maxSpeed":8.3,"maxTurnSpeed":1.617920163335522,"acceleration":12.59,"reverseAcceleration":17.23,"sideAcceleration":14.93,"turnAcceleration":2.552718468093107,"reverseTurnAcceleration":3.7056831956660927,"mass":2550,"power":12.59,"dampingCoeff":2000}