{
    "turret_turn_speed": 2.900737216814575,
    "kickback": 0,
    "turretTurnAcceleration": 4.13992098573055,
    "impact_force": 0
}