{
    "turret_turn_speed": 2.638937829015426,
    "kickback": 0,
    "turretTurnAcceleration": 3.8170350741115984,
    "impact_force": 0
}