{"turret_turn_speed":1.343554458185235,"kickback":1.8197,"turretTurnAcceleration":1.9505799720288628,"impact_force":1.6929}