{
    "turret_turn_speed": 1.5638150097869192,
    "kickback": 0.3503,
    "turretTurnAcceleration": 2.839650692994774,
    "impact_force": 0.9783
}