{
    "turret_turn_speed": 0.1563989520072937,
    "kickback": 0.3503,
    "turretTurnAcceleration": 2.839476160069575,
    "impact_force": 0.9783
}