{
    "turret_turn_speed": 2.415535684760152,
    "kickback": 0,
    "turretTurnAcceleration": 3.677408733952052,
    "impact_force": 0
}