{
    "turret_turn_speed": 2.3509585024363617,
    "kickback": 0.5,
    "turretTurnAcceleration": 3.850196329899491,
    "impact_force": 1.6
}