{
    "turret_turn_speed": 2.3500858378103646,
    "kickback": 0.5,
    "turretTurnAcceleration": 3.8500217969742923,
    "impact_force": 1.6
}