{
    "turret_turn_speed": 1.6510814723866358,
    "kickback": 1.8735,
    "turretTurnAcceleration": 2.2636920398366454,
    "impact_force": 2.174
}