{
    "turret_turn_speed": 1.790707812546182,
    "kickback": 2.0712,
    "turretTurnAcceleration": 3.0264009229581674,
    "impact_force": 2.6935000000000002
}