{"maxSpeed":12.2,"maxTurnSpeed":2.261946817111095,"acceleration":11.69,"reverseAcceleration":15.64,"sideAcceleration":21.55,"turnAcceleration":3.300592159099121,"reverseTurnAcceleration":5.93516661172134,"mass":1901,"power":11.69,"dampingCoeff":900}