{
    "turret_turn_speed": 1.5219271077390555,
    "kickback": 2.0224,
    "turretTurnAcceleration": 2.321287905152458,
    "impact_force": 4.8258
}