{
    "turret_turn_speed": 1.3439035240356338,
    "kickback": 1.3881999999999999,
    "turretTurnAcceleration": 1.9495327744776663,
    "impact_force": 1.693
}