{"maxSpeed":5.3,"maxTurnSpeed":0.972148406676647,"acceleration":11.71,"reverseAcceleration":11.28,"sideAcceleration":12.85,"turnAcceleration":1.2962559768666446,"reverseTurnAcceleration":3.190985503379166,"mass":3571,"power":11.71,"dampingCoeff":2100}