{
    "turret_turn_speed": 2.3509585024363617,
    "kickback": 0,
    "turretTurnAcceleration": 3.8484510006474966,
    "impact_force": 0
}