{"turret_turn_speed":1.750216173899914,"kickback":0.6596,"turretTurnAcceleration":2.12999981913388,"impact_force":0.9536}