{
    "turret_turn_speed": 1.7505652397503124,
    "kickback": 0.46,
    "turretTurnAcceleration": 2.1299998191338796,
    "impact_force": 0.67
}