{"turret_turn_speed":1.5224507065146538,"kickback":2.0224,"turretTurnAcceleration":2.3223351027036547,"impact_force":0.2298}