{"turret_turn_speed":2.4162338164609496,"kickback":0,"turretTurnAcceleration":3.6775832668772526,"impact_force":0}