{"maxSpeed":5,"maxTurnSpeed":1.3962634015954636,"acceleration":15,"reverseAcceleration":12,"sideAcceleration":25,"turnAcceleration":1.7453292519943295,"reverseTurnAcceleration":3.490658503988659,"mass":5500,"power":15,"dampingCoeff":2000}