{"maxSpeed":5.8,"maxTurnSpeed":1.371828765435932,"acceleration":14.57,"reverseAcceleration":15.09,"sideAcceleration":17.62,"turnAcceleration":1.7119933993653718,"reverseTurnAcceleration":3.8561304919668493,"mass":4524,"power":14.57,"dampingCoeff":2100}