{"maxSpeed":8,"maxTurnSpeed":2.2689280275926285,"acceleration":15,"reverseAcceleration":19,"sideAcceleration":16,"turnAcceleration":2.2689280275926285,"reverseTurnAcceleration":5.235987755982989,"mass":3300,"power":15,"dampingCoeff":2500}