{
    "turret_turn_speed": 1.9914206765255298,
    "kickback": 3,
    "turretTurnAcceleration": 2.16071761396898,
    "impact_force": 3.3
}