{
    "turret_turn_speed": 1.593485607070823,
    "kickback": 1.5581,
    "turretTurnAcceleration": 1.3543754995475996,
    "impact_force": 1.6425
}