{
    "turret_turn_speed": 2.399827721492203,
    "kickback": 2.9,
    "turretTurnAcceleration": 3.2009338481576006,
    "impact_force": 8.82
}