{"turret_turn_speed":2.4399702942880728,"kickback":2,"turretTurnAcceleration":2.3701571242083004,"impact_force":2.4}