{
    "turret_turn_speed": 1.8149678891489032,
    "kickback": 2.3149,
    "turretTurnAcceleration": 2.6148522853379044,
    "impact_force": 0.2932
}