{"turret_turn_speed":1.5995942594528032,"kickback":0,"turretTurnAcceleration":2.8822367267434355,"impact_force":0}