{
    "turret_turn_speed": 2.183406894244906,
    "kickback": 0,
    "turretTurnAcceleration": 3.4540065896967787,
    "impact_force": 0
  }