{
    "turret_turn_speed": 2.139773662945048,
    "kickback": 2.5,
    "turretTurnAcceleration": 3.480186528476693,
    "impact_force": 3.3
}