{"maxSpeed":4.9,"maxTurnSpeed":1.2950342517165707,"acceleration":14.18,"reverseAcceleration":11.31,"sideAcceleration":23.62,"turnAcceleration":1.6732472018238633,"reverseTurnAcceleration":3.370579766230295,"mass":5225,"power":14.18,"dampingCoeff":2000}