{
    "turret_turn_speed": 1.6632987771505958,
    "kickback": 0,
    "turretTurnAcceleration": 2.9583330821303884,
    "impact_force": 0
}