{"turret_turn_speed":2.179916235740918,"kickback":2.8,"turretTurnAcceleration":2.800031718974503,"impact_force":3}