{"turret_turn_speed":2.1249383643030963,"kickback":0,"turretTurnAcceleration":3.5533158241352556,"impact_force":0}