{"turret_turn_speed":1.9914206765255302,"kickback":3,"turretTurnAcceleration":2.1600194822681824,"impact_force":3.3}