{
    "maxSpeed": 9.2,
    "maxTurnSpeed": 2.0053833371730954,
    "acceleration": 12.3,
    "reverseAcceleration": 15.55,
    "sideAcceleration": 13.54,
    "turnAcceleration": 2.5787239698216218,
    "reverseTurnAcceleration": 4.405909206345063,
    "mass": 2595,
    "power": 12.3,
    "dampingCoeff": 1500
}