{"turret_turn_speed":1.5905185473424324,"kickback":2.5821,"turretTurnAcceleration":1.8256143975860686,"impact_force":2.5338}