{
    "turret_turn_speed": 1.589994948566834,
    "kickback": 2.5820999999999996,
    "turretTurnAcceleration": 1.8256143975860684,
    "impact_force": 2.5338
}