{
    "turret_turn_speed": 1.9931660057775245,
    "kickback": 0.46,
    "turretTurnAcceleration": 2.2753857458250075,
    "impact_force": 0.83
}