{"turret_turn_speed":1.6999506914424771,"kickback":3,"turretTurnAcceleration":1.7599900177110819,"impact_force":7}