{
    "turret_turn_speed": 2.125811028929093,
    "kickback": 0,
    "turretTurnAcceleration": 3.553490357060455,
    "impact_force": 0
}