{
    "turret_turn_speed": 1.5201817784870608,
    "kickback": 1.7378,
    "turretTurnAcceleration": 2.6738444140553126,
    "impact_force": 2.2217
}