{
    "turret_turn_speed": 1.6004669240788003,
    "kickback": 0,
    "turretTurnAcceleration": 2.8815385950426378,
    "impact_force": 0
}