{"turret_turn_speed":1.8711674910631206,"kickback":2.8746,"turretTurnAcceleration":2.0596630502785085,"impact_force":3.0701}