{
    "turret_turn_speed": 1.8709929581379214,
    "kickback": 2.8745999999999996,
    "turretTurnAcceleration": 2.0594885173533086,
    "impact_force": 3.0701
}