{
    "turret_turn_speed": 1.3700834628155485,
    "kickback": 2.7127,
    "turretTurnAcceleration": 1.5777776438028739,
    "impact_force": 5.8986
}